{
  "classes": {
    "AdministrativeArea": [
      "administrative_area"
    ],
    "BroadcastChannel": [
      "tv_network"
    ],
    "BroadcastEvent": [
      "event"
    ],
    "BusinessAudience": [
      "business_operation"
    ],
    "BusinessEntityType": [
      "business_operation"
    ],
    "BusinessFunction": [
      "business_operation"
    ],
    "ComputerLanguage": [
      "human_language"
    ],
    "Corporation": [
      "production_company"
    ],
    "Country": [
      "country"
    ],
    "DateTime": [
      "time_zone"
    ],
    "DeliveryEvent": [
      "event"
    ],
    "EducationalAudience": [
      "educational_degree"
    ],
    "EducationalOrganization": [
      "educational_institution"
    ],
    "EmployeeRole": [
      "employer"
    ],
    "Event": [
      "event"
    ],
    "EventStatusType": [
      "event"
    ],
    "FoodEstablishment": [
      "food"
    ],
    "FoodEvent": [
      "food"
    ],
    "Game": [
      "sport"
    ],
    "GovernmentService": [
      "government_agency"
    ],
    "Language": [
      "human_language"
    ],
    "LocationFeatureSpecification": [
      "location"
    ],
    "Movie": [
      "film"
    ],
    "MovieSeries": [
      "film"
    ],
    "MovieTheater": [
      "film"
    ],
    "MusicAlbum": [
      "musical_group"
    ],
    "MusicGroup": [
      "musical_group"
    ],
    "MusicRelease": [
      "music_contributor"
    ],
    "NutritionInformation": [
      "nutrient"
    ],
    "Occupation": [
      "profession"
    ],
    "Organization": [
      "organization"
    ],
    "OrganizationRole": [
      "organization"
    ],
    "PerformanceRole": [
      "performance_role"
    ],
    "PerformingGroup": [
      "musical_group"
    ],
    "Person": [
      "person"
    ],
    "Place": [
      "location"
    ],
    "Role": [
      "role"
    ],
    "Specialty": [
      "profession"
    ],
    "SportsActivityLocation": [
      "sports_position"
    ],
    "SportsEvent": [
      "olympic_sport"
    ],
    "SportsOrganization": [
      "sports_league"
    ],
    "SportsTeam": [
      "sports_team"
    ],
    "TVClip": [
      "tv_program"
    ],
    "TVEpisode": [
      "tv_program"
    ],
    "TVSeason": [
      "tv_network"
    ],
    "TVSeries": [
      "tv_network"
    ],
    "Text": [
      "content"
    ],
    "WebSite": [
      "location"
    ]
  },
  "predicates": {
    "colleagues": [
      "people"
    ],
    "hasOccupation": [
      "profession"
    ],
    "educationalUse": [
      "educational_institution"
    ],
    "birthDate": [
      "place_of_birth"
    ],
    "serviceArea": [
      "service_location"
    ],
    "tripOrigin": [
      "origin"
    ],
    "attendee": [
      "student"
    ],
    "ineligibleRegion": [
      "region"
    ],
    "occupationLocation": [
      "specialization_of"
    ],
    "sponsor": [
      "company"
    ],
    "employee": [
      "student"
    ],
    "spouse": [
      "spouse"
    ],
    "contributor": [
      "people"
    ],
    "founder": [
      "place_founded"
    ],
    "childMinAge": [
      "child"
    ],
    "audio": [
      "music"
    ],
    "countriesNotSupported": [
      "participating_countries"
    ],
    "knows": [
      "spouse"
    ],
    "seasonNumber": [
      "season"
    ],
    "manufacturer": [
      "company"
    ],
    "lyricist": [
      "artist"
    ],
    "scheduledTime": [
      "time_zones"
    ],
    "dropoffLocation": [
      "location"
    ],
    "seller": [
      "spouse"
    ],
    "modifiedTime": [
      "time_zones"
    ],
    "contactPoints": [
      "location"
    ],
    "composer": [
      "instrumentalists"
    ],
    "numberedPosition": [
      "position"
    ],
    "homeLocation": [
      "location"
    ],
    "eligibleRegion": [
      "region"
    ],
    "honorificSuffix": [
      "profession"
    ],
    "organizer": [
      "organization"
    ],
    "provider": [
      "company"
    ],
    "headline": [
      "titles"
    ],
    "events": [
      "olympics"
    ],
    "landlord": [
      "spouse"
    ],
    "actor": [
      "actor"
    ],
    "sportsEvent": [
      "sports"
    ],
    "serviceType": [
      "service_language"
    ],
    "title": [
      "titles"
    ],
    "containsSeason": [
      "contains"
    ],
    "educationalAlignment": [
      "educational_institution"
    ],
    "text": [
      "language"
    ],
    "containsPlace": [
      "contains"
    ],
    "event": [
      "instance_of_recurring_event"
    ],
    "albumRelease": [
      "music"
    ],
    "winner": [
      "award_winner"
    ],
    "programName": [
      "program"
    ],
    "member": [
      "cast_members"
    ],
    "specialty": [
      "profession"
    ],
    "parentOrganization": [
      "organization"
    ],
    "containedIn": [
      "contains"
    ],
    "parent": [
      "sibling"
    ],
    "legalName": [
      "child"
    ],
    "polygon": [
      "region"
    ],
    "vendor": [
      "company"
    ],
    "ownedFrom": [
      "company"
    ],
    "performerIn": [
      "instrumentalists"
    ],
    "spatialCoverage": [
      "locations"
    ],
    "serviceLocation": [
      "service_location"
    ],
    "name": [
      "person"
    ],
    "award": [
      "award"
    ],
    "siblings": [
      "sibling"
    ],
    "relatedTo": [
      "sibling"
    ],
    "foundingDate": [
      "place_founded"
    ],
    "employees": [
      "people"
    ],
    "birthPlace": [
      "place_of_birth"
    ],
    "accountablePerson": [
      "people"
    ],
    "geo": [
      "location"
    ],
    "albums": [
      "music"
    ],
    "alumniOf": [
      "organization"
    ],
    "produces": [
      "produced_by"
    ],
    "maps": [
      "locations"
    ],
    "honorificPrefix": [
      "profession"
    ],
    "translator": [
      "language"
    ],
    "season": [
      "season"
    ],
    "sibling": [
      "sibling"
    ],
    "video": [
      "film"
    ],
    "roleName": [
      "role"
    ],
    "skills": [
      "role"
    ],
    "participant": [
      "participant"
    ],
    "fromLocation": [
      "location"
    ],
    "productionCompany": [
      "production_companies"
    ],
    "contentLocation": [
      "location"
    ],
    "children": [
      "sibling"
    ],
    "character": [
      "spouse"
    ],
    "lyrics": [
      "artist"
    ],
    "musicGroupMember": [
      "group"
    ],
    "sport": [
      "sport"
    ],
    "customer": [
      "people"
    ],
    "eventStatus": [
      "instance_of_recurring_event"
    ],
    "audience": [
      "participant"
    ],
    "area": [
      "region"
    ],
    "memberOf": [
      "cast_members"
    ],
    "buyer": [
      "people"
    ],
    "industry": [
      "industry"
    ],
    "workLocation": [
      "location"
    ],
    "owns": [
      "company"
    ],
    "jobTitle": [
      "company"
    ],
    "locationCreated": [
      "location"
    ],
    "pickupLocation": [
      "location"
    ],
    "homeTeam": [
      "team"
    ],
    "musicArrangement": [
      "music"
    ],
    "worksFor": [
      "company"
    ],
    "geographicArea": [
      "geographic_distribution"
    ],
    "colleague": [
      "spouse"
    ],
    "genre": [
      "genre"
    ],
    "director": [
      "role"
    ],
    "gender": [
      "profession"
    ],
    "address": [
      "location"
    ],
    "material": [
      "colors"
    ],
    "vehicleInteriorColor": [
      "colors"
    ],
    "occupationalCategory": [
      "specialization_of"
    ],
    "alumni": [
      "student"
    ],
    "interestRate": [
      "interests"
    ],
    "educationalFramework": [
      "student"
    ],
    "startDate": [
      "time_zones"
    ],
    "foundingLocation": [
      "place_founded"
    ],
    "language": [
      "language"
    ],
    "competitor": [
      "team"
    ],
    "responsibilities": [
      "role"
    ],
    "spatial": [
      "location"
    ],
    "deathPlace": [
      "place_of_death"
    ],
    "availableLanguage": [
      "official_language"
    ],
    "seeks": [
      "location"
    ],
    "addressRegion": [
      "region"
    ],
    "educationalRole": [
      "student"
    ],
    "coach": [
      "sport"
    ],
    "entertainmentBusiness": [
      "industry"
    ],
    "episode": [
      "season"
    ],
    "awards": [
      "award"
    ],
    "nutrition": [
      "nutrient"
    ],
    "artform": [
      "artists"
    ],
    "bookingTime": [
      "time_zones"
    ],
    "sourceOrganization": [
      "organization"
    ],
    "inLanguage": [
      "languages"
    ],
    "color": [
      "colors"
    ],
    "musicalKey": [
      "music"
    ],
    "educationRequirements": [
      "educational_institution"
    ],
    "dateModified": [
      "time_zones"
    ],
    "album": [
      "artist"
    ],
    "gameLocation": [
      "location"
    ],
    "trailer": [
      "film"
    ],
    "makesOffer": [
      "company"
    ],
    "countryOfOrigin": [
      "country"
    ],
    "subOrganization": [
      "organization"
    ],
    "attendees": [
      "people"
    ],
    "founders": [
      "place_founded"
    ],
    "follows": [
      "company"
    ],
    "category": [
      "category_of"
    ],
    "countriesSupported": [
      "participating_countries"
    ],
    "characterName": [
      "role"
    ],
    "commentTime": [
      "time_zones"
    ],
    "performer": [
      "participant"
    ],
    "game": [
      "sport"
    ],
    "longitude": [
      "time_zones"
    ],
    "producer": [
      "produced_by"
    ],
    "performers": [
      "artists"
    ],
    "agent": [
      "spouse"
    ],
    "actors": [
      "actor"
    ],
    "jobLocation": [
      "location"
    ],
    "exerciseCourse": [
      "sport"
    ],
    "nationality": [
      "nationality"
    ],
    "photo": [
      "artist"
    ],
    "recipient": [
      "spouse"
    ],
    "artworkSurface": [
      "artist"
    ],
    "seasons": [
      "season"
    ],
    "deathDate": [
      "place_of_death"
    ],
    "latitude": [
      "location"
    ],
    "hostingOrganization": [
      "organization"
    ],
    "instrument": [
      "instrumentalists"
    ],
    "regionsAllowed": [
      "region"
    ],
    "referee": [
      "people"
    ],
    "brand": [
      "company"
    ],
    "affiliation": [
      "organizations_founded"
    ],
    "serviceUrl": [
      "service_location"
    ],
    "musicCompositionForm": [
      "music"
    ],
    "broadcastDisplayName": [
      "tv_program"
    ],
    "contactPoint": [
      "location"
    ],
    "boardingGroup": [
      "group"
    ],
    "instructor": [
      "student"
    ],
    "author": [
      "spouse"
    ],
    "members": [
      "people"
    ],
    "broadcastTimezone": [
      "time_zones"
    ],
    "directors": [
      "films"
    ],
    "result": [
      "award"
    ],
    "sportsActivityLocation": [
      "sports"
    ],
    "originAddress": [
      "country_of_origin"
    ],
    "application": [
      "program"
    ],
    "creator": [
      "program_creator"
    ],
    "location": [
      "location"
    ],
    "musicBy": [
      "music"
    ],
    "sportsTeam": [
      "teams"
    ],
    "position": [
      "position"
    ],
    "tracks": [
      "music"
    ],
    "parents": [
      "sibling"
    ],
    "borrower": [
      "student"
    ],
    "containedInPlace": [
      "contains"
    ],
    "funder": [
      "spouse"
    ],
    "candidate": [
      "politician"
    ],
    "dateRead": [
      "time_zones"
    ],
    "athlete": [
      "athlete"
    ],
    "dateSent": [
      "time_zones"
    ],
    "opponent": [
      "combatants"
    ],
    "musicReleaseFormat": [
      "music"
    ],
    "awayTeam": [
      "team"
    ],
    "distribution": [
      "geographic_distribution"
    ],
    "softwareHelp": [
      "program_creator"
    ],
    "programmingLanguage": [
      "languages"
    ],
    "amenityFeature": [
      "contains"
    ],
    "object": [
      "participant"
    ],
    "familyName": [
      "family"
    ],
    "episodes": [
      "season"
    ],
    "mapType": [
      "school_type"
    ],
    "toLocation": [
      "location"
    ],
    "department": [
      "organization"
    ]
  }
}