{"docstore/metadata": {"2ac657bd-e5a2-48ea-9127-69cf66efe8ad": {"doc_hash": "7bd05cc95ee51d91fd3a29a69dd00b4a56d9350fd9be029516f7e92ae8193b2e"}, "5a5135a5-d096-49ed-b4f0-22515ddc5ca5": {"doc_hash": "e81c5de67f8f69650e5453a8f304a119d6e54e80b755161143c390e6ede4c6ba", "ref_doc_id": "2ac657bd-e5a2-48ea-9127-69cf66efe8ad"}, "b9b1e43e-c195-409d-88be-744abc373b41": {"doc_hash": "1420a7a1aac782325a5ec3880d4f2ac517ab565c052f175c4e64f63c059c533f", "ref_doc_id": "2ac657bd-e5a2-48ea-9127-69cf66efe8ad"}}, "docstore/ref_doc_info": {"2ac657bd-e5a2-48ea-9127-69cf66efe8ad": {"node_ids": ["5a5135a5-d096-49ed-b4f0-22515ddc5ca5", "b9b1e43e-c195-409d-88be-744abc373b41"], "metadata": {"file_path": "/Volumes/DATI/GitHub/SOLAR/dataset/family/rag_data/docs/document.txt", "file_name": "document.txt", "file_type": "text/plain", "file_size": 6013, "creation_date": "2025-09-05", "last_modified_date": "2025-09-05"}}}, "docstore/data": {"5a5135a5-d096-49ed-b4f0-22515ddc5ca5": {"__data__": {"id_": "5a5135a5-d096-49ed-b4f0-22515ddc5ca5", "embedding": null, "metadata": {"file_path": "/Volumes/DATI/GitHub/SOLAR/dataset/family/rag_data/docs/document.txt", "file_name": "document.txt", "file_type": "text/plain", "file_size": 6013, "creation_date": "2025-09-05", "last_modified_date": "2025-09-05"}, "excluded_embed_metadata_keys": ["file_name", "file_type", "file_size", "creation_date", "last_modified_date", "last_accessed_date"], "excluded_llm_metadata_keys": ["file_name", "file_type", "file_size", "creation_date", "last_modified_date", "last_accessed_date"], "relationships": {"1": {"node_id": "2ac657bd-e5a2-48ea-9127-69cf66efe8ad", "node_type": "4", "metadata": {"file_path": "/Volumes/DATI/GitHub/SOLAR/dataset/family/rag_data/docs/document.txt", "file_name": "document.txt", "file_type": "text/plain", "file_size": 6013, "creation_date": "2025-09-05", "last_modified_date": "2025-09-05"}, "hash": "7bd05cc95ee51d91fd3a29a69dd00b4a56d9350fd9be029516f7e92ae8193b2e", "class_name": "RelatedNodeInfo"}, "3": {"node_id": "b9b1e43e-c195-409d-88be-744abc373b41", "node_type": "1", "metadata": {}, "hash": "d6fc213dd5550af37011fc90651bb7bb9e0a507685a9d190fc7dd080aec597dd", "class_name": "RelatedNodeInfo"}}, "metadata_template": "{key}: {value}", "metadata_separator": "\n", "text": "1. The World of Family Relationships\n\nFamily relationships form the backbone of human societies. Every generation records who belongs where and how. In modern data systems, these connections are often represented as knowledge graphs: nodes for people, edges for relationships such as \u201cfather,\u201d \u201csister,\u201d \u201cspouse,\u201d and \u201cniece.\u201d These graphs, while powerful, are only as useful as the context that gives them meaning.\n\n2. Why Context Matters\n\nA graph tells who is connected to whom, but it rarely explains why those connections exist or how they should be interpreted. For instance, the predicate \u201cparent\u201d can mean biological parent, adoptive parent, step\u2011parent, or legal guardian depending on culture and law. Without additional context, a viewer cannot tell which type of parent is being described.\n\nSimilarly, kinship terms vary across languages and societies:\n\nIn some cultures, a maternal aunt (mother\u2019s sister) is called \u201caunt\u201d, while in others the term \u201caunt\u201d also includes a mother\u2019s sister\u2011in\u2011law.\nThe term \u201ccousin\u201d can denote a first cousin, second cousin, or even a more distant relative in different traditions.\nThese subtle differences have real consequences\u2014inheritance rights, marriage eligibility, and social obligations all hinge on precise relationship definitions.\n\n3. The Role of External Documents\n\nExternal documents\u2014genealogical treatises, legal statutes, cultural handbooks, and academic studies\u2014provide the semantic framework that a raw graph lacks.\n\nDocument Type\tContribution\tExample\nGenealogical Treatises\tFormal definitions of kinship terms and canonical relationship chains\t\u201cAn aunt is the sister of one\u2019s parent or the wife of a parent\u2019s sibling.\u201d\nLegal Statutes\tOfficial legal status of relationships (e.g., inheritance, marital status)\t\u201cA \u2018step\u2011father\u2019 does not inherit property under \u00a712 of the Family Code.\u201d\nCultural Handbooks\tFolk conventions, naming practices, taboo relationships\t\u201cIn Region\u202fX, the term \u2018aunt\u2019 also covers the mother\u2019s sister.\u201d\nHistorical Accounts\tNarrative examples illustrating relationship dynamics\t\u201cDuring the 18th\u202fcentury, many families adopted aunts as de\u2011facto parents.\u201d\nAcademic Articles\tEmpirical studies on family structures, cross\u2011cultural comparisons\t\u201cThe average number of aunts per person differs by 2.3 in urban vs rural settings.\u201d\nThese sources give meaning to the graph\u2019s edges, turning raw data into a living, culturally relevant model.\n\n4. Practical Applications of Contextual Knowledge\n\nInference of Unobserved Relationships\nBy applying definitions from external texts, we can deduce hidden links. For example, if a graph contains \u201cAlice is the sister of Bob\u201d and \u201cBob is the parent of Carol,\u201d we can infer that \u201cAlice is Carol\u2019s aunt.\u201d The inference is grounded in the definition of aunt from a genealogical treatise.\n\nDisambiguation of Predicate Semantics\nWhen a graph contains both \u201cparent\u201d and \u201cguardian\u201d edges, context tells us whether parent refers to biological or legal parenthood. This disambiguation is crucial for applications such as family law or child protection services.\n\nCross\u2011Cultural Analysis\nBy incorporating cultural handbooks, we can compare how kinship terms differ across societies. This informs sociological research, anthropological studies, and multicultural policy design.\n\nLegal Compliance Checks\nLegal statutes help verify that family relationships recorded in the graph comply with jurisdictional rules. For instance, ensuring that a step\u2011mother is correctly categorized to avoid inheritance disputes.\n\nHistorical Reconstruction\nHistorical accounts provide narrative context that allows historians to reconstruct family trees accurately, even when the primary data is sparse or corrupted.\n\n5.", "mimetype": "text/plain", "start_char_idx": 0, "end_char_idx": 3696, "metadata_seperator": "\n", "text_template": "{metadata_str}\n\n{content}", "class_name": "TextNode"}, "__type__": "1"}, "b9b1e43e-c195-409d-88be-744abc373b41": {"__data__": {"id_": "b9b1e43e-c195-409d-88be-744abc373b41", "embedding": null, "metadata": {"file_path": "/Volumes/DATI/GitHub/SOLAR/dataset/family/rag_data/docs/document.txt", "file_name": "document.txt", "file_type": "text/plain", "file_size": 6013, "creation_date": "2025-09-05", "last_modified_date": "2025-09-05"}, "excluded_embed_metadata_keys": ["file_name", "file_type", "file_size", "creation_date", "last_modified_date", "last_accessed_date"], "excluded_llm_metadata_keys": ["file_name", "file_type", "file_size", "creation_date", "last_modified_date", "last_accessed_date"], "relationships": {"1": {"node_id": "2ac657bd-e5a2-48ea-9127-69cf66efe8ad", "node_type": "4", "metadata": {"file_path": "/Volumes/DATI/GitHub/SOLAR/dataset/family/rag_data/docs/document.txt", "file_name": "document.txt", "file_type": "text/plain", "file_size": 6013, "creation_date": "2025-09-05", "last_modified_date": "2025-09-05"}, "hash": "7bd05cc95ee51d91fd3a29a69dd00b4a56d9350fd9be029516f7e92ae8193b2e", "class_name": "RelatedNodeInfo"}, "2": {"node_id": "5a5135a5-d096-49ed-b4f0-22515ddc5ca5", "node_type": "1", "metadata": {"file_path": "/Volumes/DATI/GitHub/SOLAR/dataset/family/rag_data/docs/document.txt", "file_name": "document.txt", "file_type": "text/plain", "file_size": 6013, "creation_date": "2025-09-05", "last_modified_date": "2025-09-05"}, "hash": "e81c5de67f8f69650e5453a8f304a119d6e54e80b755161143c390e6ede4c6ba", "class_name": "RelatedNodeInfo"}}, "metadata_template": "{key}: {value}", "metadata_separator": "\n", "text": "This informs sociological research, anthropological studies, and multicultural policy design.\n\nLegal Compliance Checks\nLegal statutes help verify that family relationships recorded in the graph comply with jurisdictional rules. For instance, ensuring that a step\u2011mother is correctly categorized to avoid inheritance disputes.\n\nHistorical Reconstruction\nHistorical accounts provide narrative context that allows historians to reconstruct family trees accurately, even when the primary data is sparse or corrupted.\n\n5. Building a Knowledge\u2011Based System with External Context\n\nIndexing Documents\nStore relevant documents in a searchable repository (e.g., a vector database). Each passage is annotated with metadata: author, date, jurisdiction, cultural region.\n\nRetrieval Engine\nWhen a query arises\u2014e.g., \u201cWhat defines an aunt?\u201d\u2014the system fetches the most relevant passages.\n\nInterpretation Layer\nAn AI model reads the retrieved passages and translates them into actionable rules or decision logic. Crucially, it does so with source attribution, enabling human experts to verify the interpretations.\n\nFeedback Loop\nUsers can flag inaccuracies or missing context, prompting the system to update its document corpus or adjust its interpretations.\n\n6. Ensuring Trust and Explainability\n\nBecause decisions about family relationships can have legal and emotional consequences, it is essential to maintain explainability:\n\nSource Citations: Every conclusion references the exact passage from the external document that supports it.\nVersion Control: Document updates are tracked, so the reasoning path can be traced back to the specific version used.\nHuman Review: Domain experts (genealogists, lawyers, anthropologists) periodically review the system\u2019s outputs.\n7. Extending Beyond Family\n\nThe approach outlined here\u2014leveraging external domain knowledge to enrich a data structure\u2014applies to any field where relationships carry nuanced semantics: medical ontologies (e.g., diagnosis vs symptom), legal frameworks (e.g., contract vs agreement), or engineering designs (e.g., stress vs strain). By anchoring data in authoritative texts, we ensure that analysis is both accurate and culturally sensitive.\n\n8. Closing Thoughts\n\nFamily relationships are a tapestry woven from biology, law, culture, and history. A graph can capture the threads, but without the contextual loom\u2014external documents\u2014those threads may unravel or misalign. By systematically incorporating genealogical treatises, legal statutes, cultural handbooks, historical narratives, and scholarly research, we provide the scaffolding that turns raw relational data into a trustworthy, interpretable, and actionable model of human kinship.", "mimetype": "text/plain", "start_char_idx": 3180, "end_char_idx": 5872, "metadata_seperator": "\n", "text_template": "{metadata_str}\n\n{content}", "class_name": "TextNode"}, "__type__": "1"}}}