{
  "classes": {
    "Person": [
      "Person"
    ]
  },
  "predicates": {
    "sister": [
      "siblings"
    ],
    "son": [
      "parent"
    ],
    "father": [
      "parent"
    ],
    "niece": [
      "siblings"
    ],
    "husband": [
      "spouse"
    ],
    "mother": [
      "parent"
    ],
    "aunt": [
      "parent"
    ],
    "uncle": [
      "sibling"
    ],
    "daughter": [
      "parent"
    ],
    "brother": [
      "sibling"
    ],
    "wife": [
      "spouse"
    ],
    "nephew": [
      "sibling"
    ]
  }
}