{
  "/tv/tv_program/regular_cast./tv/regular_tv_appearance/actor": "actor",
  "/media_common/netflix_genre/titles": "titles",
  "/award/award_winner/awards_won./award/award_honor/award_winner": "award_winner",
  "/soccer/football_team/current_roster./sports/sports_team_roster/position": "position",
  "/film/actor/film./film/performance/film": "film",
  "/award/award_category/nominees./award/award_nomination/nominated_for": "nominated_for",
  "/award/award_nominee/award_nominations./award/award_nomination/award_nominee": "award_nominee",
  "/music/performance_role/regular_performances./music/group_membership/role": "role",
  "/award/award_category/winners./award/award_honor/ceremony": "ceremony",
  "/award/award_winning_work/awards_won./award/award_honor/award_winner": "award_winner",
  "/film/film/release_date_s./film/film_regional_release_date/film_release_region": "film_release_region",
  "/film/film/language": "language",
  "/location/location/contains": "contains",
  "/organization/organization/headquarters./location/mailing_address/country": "country",
  "/people/person/profession": "profession",
  "/location/statistical_region/religions./location/religion_percentage/religion": "religion",
  "/award/award_nominee/award_nominations./award/award_nomination/award": "award",
  "/music/genre/artists": "artists",
  "/influence/influence_node/influenced_by": "influenced_by",
  "/education/educational_institution/students_graduates./education/education/student": "student",
  "/organization/organization_member/member_of./organization/organization_membership/organization": "organization",
  "/people/person/place_of_birth": "place_of_birth",
  "/film/film/other_crew./film/film_crew_gig/film_crew_role": "film_crew_role",
  "/award/award_ceremony/awards_presented./award/award_honor/award_winner": "award_winner",
  "/film/film/country": "country",
  "/olympics/olympic_sport/athletes./olympics/olympic_athlete_affiliation/country": "country",
  "/award/award_winning_work/awards_won./award/award_honor/award": "award",
  "/film/film/genre": "genre",
  "/film/film_distributor/films_distributed./film/film_film_distributor_relationship/film": "film",
  "/government/legislative_session/members./government/government_position_held/district_represented": "district_represented",
  "/government/government_office_category/officeholders./government/government_position_held/jurisdiction_of_office": "jurisdiction_of_office",
  "/award/award_nominee/award_nominations./award/award_nomination/nominated_for": "nominated_for",
  "/people/deceased_person/place_of_death": "place_of_death",
  "/sports/pro_athlete/teams./sports/sports_team_roster/team": "team",
  "/music/artist/track_contributions./music/track_contribution/role": "role",
  "/music/instrument/instrumentalists": "instrumentalists",
  "/business/job_title/people_with_this_title./business/employment_tenure/company": "company",
  "/base/popstra/celebrity/friendship./base/popstra/friendship/participant": "participant",
  "/business/business_operation/industry": "industry",
  "/award/award_category/winners./award/award_honor/award_winner": "award_winner",
  "/people/person/nationality": "nationality",
  "/sports/sports_team/roster./baseball/baseball_roster_position/position": "position",
  "/people/cause_of_death/people": "people",
  "/tv/tv_program/languages": "languages",
  "/music/genre/parent_genre": "parent_genre",
  "/base/popstra/celebrity/breakup./base/popstra/breakup/participant": "participant",
  "/location/country/capital": "capital",
  "/location/hud_county_place/place": "place",
  "/music/performance_role/guest_performances./music/recording_contribution/performance_role": "performance_role",
  "/location/location/adjoin_s./location/adjoining_relationship/adjoins": "adjoins",
  "/film/film_subject/films": "films",
  "/education/educational_institution/colors": "colors",
  "/base/aareas/schema/administrative_area/administrative_parent": "administrative_parent",
  "/organization/role/leaders./organization/leadership/organization": "organization",
  "/government/legislative_session/members./government/government_position_held/legislative_sessions": "legislative_sessions",
  "/olympics/olympic_games/sports": "sports",
  "/people/person/places_lived./people/place_lived/location": "location",
  "/award/award_category/disciplines_or_subjects": "disciplines_or_subjects",
  "/sports/professional_sports_team/draft_picks./sports/sports_league_draft_pick/school": "school",
  "/olympics/olympic_participating_country/medals_won./olympics/olympic_medal_honor/olympics": "olympics",
  "/language/human_language/countries_spoken_in": "countries_spoken_in",
  "/people/ethnicity/people": "people",
  "/olympics/olympic_participating_country/athletes./olympics/olympic_athlete_affiliation/olympics": "olympics",
  "/film/film/other_crew./film/film_crew_gig/crewmember": "crewmember",
  "/music/performance_role/track_performances./music/track_contribution/role": "role",
  "/music/record_label/artist": "artist",
  "/base/popstra/celebrity/dated./base/popstra/dated/participant": "participant",
  "/sports/sports_league_draft/picks./sports/sports_league_draft_pick/school": "school",
  "/sports/sports_team/sport": "sport",
  "/education/educational_institution_campus/educational_institution": "educational_institution",
  "/people/person/religion": "religion",
  "/organization/organization/headquarters./location/mailing_address/citytown": "citytown",
  "/film/film/produced_by": "produced_by",
  "/film/film/production_companies": "production_companies",
  "/location/country/second_level_divisions": "second_level_divisions",
  "/education/educational_degree/people_with_this_degree./education/education/institution": "institution",
  "/music/performance_role/regular_performances./music/group_membership/group": "group",
  "/government/politician/government_positions_held./government/government_position_held/legislative_sessions": "legislative_sessions",
  "/sports/sports_team_location/teams": "teams",
  "/sports/sports_team/colors": "colors",
  "/sports/professional_sports_team/draft_picks./sports/sports_league_draft_pick/draft": "draft",
  "/award/award_nominated_work/award_nominations./award/award_nomination/nominated_for": "nominated_for",
  "/baseball/baseball_team/team_stats./baseball/baseball_team_stats/season": "season",
  "/user/alexander/philosophy/philosopher/interests": "interests",
  "/people/person/languages": "languages",
  "/education/educational_institution/students_graduates./education/education/major_field_of_study": "major_field_of_study",
  "/film/director/film": "film",
  "/award/award_ceremony/awards_presented./award/award_honor/honored_for": "honored_for",
  "/olympics/olympic_sport/athletes./olympics/olympic_athlete_affiliation/olympics": "olympics",
  "/film/film/costume_design_by": "costume_design_by",
  "/film/film/featured_film_locations": "featured_film_locations",
  "/tv/tv_program/genre": "genre",
  "/film/film/written_by": "written_by",
  "/location/hud_county_place/county": "county",
  "/education/educational_degree/people_with_this_degree./education/education/major_field_of_study": "major_field_of_study",
  "/base/saturdaynightlive/snl_cast_member/seasons./base/saturdaynightlive/snl_season_tenure/cast_members": "cast_members",
  "/film/film/music": "music",
  "/celebrities/celebrity/celebrity_friends./celebrities/friendship/friend": "friend",
  "/location/hud_foreclosure_area/estimated_number_of_mortgages./measurement_unit/dated_integer/source": "source",
  "/base/x2010fifaworldcupsouthafrica/world_cup_squad/current_world_cup_squad./base/x2010fifaworldcupsouthafrica/current_world_cup_squad/current_club": "current_club",
  "/base/popstra/location/vacationers./base/popstra/vacation_choice/vacationer": "vacationer",
  "/base/popstra/celebrity/canoodled./base/popstra/canoodled/participant": "participant",
  "/education/educational_institution/school_type": "school_type",
  "/sports/sport/pro_athletes./sports/pro_sports_played/athlete": "athlete",
  "/award/hall_of_fame/inductees./award/hall_of_fame_induction/inductee": "inductee",
  "/base/biblioness/bibs_location/state": "state",
  "/sports/sports_position/players./sports/sports_team_roster/team": "team",
  "/military/military_conflict/combatants./military/military_combatant_group/combatants": "combatants",
  "/sports/sports_league/teams./sports/sports_league_participation/team": "team",
  "/base/biblioness/bibs_location/country": "country",
  "/music/group_member/membership./music/group_membership/role": "role",
  "/location/administrative_division/country": "country",
  "/film/film/executive_produced_by": "executive_produced_by",
  "/food/food/nutrients./food/nutrition_fact/nutrient": "nutrient",
  "/music/group_member/membership./music/group_membership/group": "group",
  "/education/field_of_study/students_majoring./education/education/student": "student",
  "/award/award_winning_work/awards_won./award/award_honor/honored_for": "honored_for",
  "/organization/organization/headquarters./location/mailing_address/state_province_region": "state_province_region",
  "/base/aareas/schema/administrative_area/capital": "capital",
  "/tv/tv_producer/programs_produced./tv/tv_producer_term/program": "program",
  "/education/educational_institution/campuses": "campuses",
  "/film/film/distributors./film/film_film_distributor_relationship/region": "region",
  "/medicine/disease/notable_people_with_this_condition": "notable_people_with_this_condition",
  "/base/schemastaging/organization_extra/phone_number./base/schemastaging/phone_sandbox/service_location": "service_location",
  "/people/ethnicity/geographic_distribution": "geographic_distribution",
  "/military/military_combatant/military_conflicts./military/military_combatant_group/combatants": "combatants",
  "/film/film/personal_appearances./film/personal_film_appearance/person": "person",
  "/location/location/time_zones": "time_zones",
  "/film/film/story_by": "story_by",
  "/olympics/olympic_games/participating_countries": "participating_countries",
  "/tv/tv_network/programs./tv/tv_network_duration/program": "program",
  "/people/person/employment_history./business/employment_tenure/company": "company",
  "/music/artist/origin": "origin",
  "/tv/tv_writer/tv_programs./tv/tv_program_writer_relationship/tv_program": "tv_program",
  "/time/event/locations": "locations",
  "/celebrities/celebrity/sexual_relationships./celebrities/romantic_relationship/celebrity": "celebrity",
  "/government/political_party/politicians_in_this_party./government/political_party_tenure/politician": "politician",
  "/organization/non_profit_organization/registered_with./organization/non_profit_registration/registering_agency": "registering_agency",
  "/american_football/football_team/current_roster./sports/sports_team_roster/position": "position",
  "/soccer/football_player/current_team./sports/sports_team_roster/team": "team",
  "/film/film_set_designer/film_sets_designed": "film_sets_designed",
  "/people/person/sibling_s./people/sibling_relationship/sibling": "sibling",
  "/base/marchmadness/ncaa_basketball_tournament/seeds./base/marchmadness/ncaa_tournament_seed/team": "team",
  "/music/artist/contribution./music/recording_contribution/performance_role": "performance_role",
  "/sports/sports_position/players./sports/sports_team_roster/position": "position",
  "/government/politician/government_positions_held./government/government_position_held/basic_title": "basic_title",
  "/people/profession/specialization_of": "specialization_of",
  "/award/award_category/category_of": "category_of",
  "/film/film/cinematography": "cinematography",
  "/film/film/film_production_design_by": "film_production_design_by",
  "/tv/tv_program/country_of_origin": "country_of_origin",
  "/film/film/edited_by": "edited_by",
  "/tv/tv_personality/tv_regular_appearances./tv/tv_regular_personal_appearance/program": "program",
  "/education/field_of_study/students_majoring./education/education/major_field_of_study": "major_field_of_study",
  "/education/educational_degree/people_with_this_degree./education/education/student": "student",
  "/location/us_county/county_seat": "county_seat",
  "/film/film/film_festivals": "film_festivals",
  "/people/person/spouse_s./people/marriage/spouse": "spouse",
  "/film/film/runtime./film/film_cut/film_release_region": "film_release_region",
  "/location/capital_of_administrative_division/capital_of./location/administrative_division_capital_relationship/administrative_division": "administrative_division",
  "/influence/influence_node/peers./influence/peer_relationship/peers": "peers",
  "/government/governmental_body/members./government/government_position_held/legislative_sessions": "legislative_sessions",
  "/base/schemastaging/organization_extra/phone_number./base/schemastaging/phone_sandbox/service_language": "service_language",
  "/organization/organization/place_founded": "place_founded",
  "/tv/tv_program/program_creator": "program_creator",
  "/people/deceased_person/place_of_burial": "place_of_burial",
  "/film/film/release_date_s./film/film_regional_release_date/film_regional_debut_venue": "film_regional_debut_venue",
  "/ice_hockey/hockey_team/current_roster./sports/sports_team_roster/position": "position",
  "/location/administrative_division/first_level_division_of": "first_level_division_of",
  "/organization/organization/child./organization/organization_relationship/child": "child",
  "/time/event/instance_of_recurring_event": "instance_of_recurring_event",
  "/people/ethnicity/languages_spoken": "languages_spoken",
  "/medicine/symptom/symptom_of": "symptom_of",
  "/location/statistical_region/places_exported_to./location/imports_and_exports/exported_to": "exported_to",
  "/location/country/official_language": "official_language",
  "/location/location/partially_contains": "partially_contains",
  "/film/film/film_art_direction_by": "film_art_direction_by",
  "/people/person/spouse_s./people/marriage/location_of_ceremony": "location_of_ceremony",
  "/organization/organization_founder/organizations_founded": "organizations_founded",
  "/film/film/dubbing_performances./film/dubbing_performance/actor": "actor",
  "/medicine/disease/risk_factors": "risk_factors",
  "/film/film/prequel": "prequel",
  "/base/localfood/seasonal_month/produce_available./base/localfood/produce_availability/seasonal_months": "seasonal_months",
  "/film/actor/dubbing_performances./film/dubbing_performance/language": "language",
  "/broadcast/content/artist": "artist",
  "/music/instrument/family": "family",
  "/government/politician/government_positions_held./government/government_position_held/jurisdiction_of_office": "jurisdiction_of_office"
}