predicate,explanation
actor,A person who performs a character role in films, television shows, or theater productions.
adjoins,Indicates that one geographical area shares a border with another.
administrative_division,A defined area governed by its own local administration.
administrative_parent,The higher-level administrative entity overseeing a given division.
artist,An individual who creates artistic works such as paintings, music, or performances.
artists,Multiple individuals recognized for creating or performing art.
athlete,A person who competes in one or more sports or physical activities.
award,An honor or prize given in recognition of achievement.
award_nominee,A person or work officially considered for an award.
award_winner,A recipient who has won a specific award.
capital,The city serving as the seat of government for a country or region.
campuses,Locations or grounds comprising multiple buildings of an educational institution.
category_of,A classification or grouping that defines a subject or item.
cast_members,Individuals who appear as performers in a film, play, or television show.
ceremony,An organized event held to honor, celebrate, or observe an occasion.
cinematography,The art and technique of movie photography and camera work.
civilization,An advanced stage of human social development and organization.
company,A business or enterprise engaged in commercial activities.
combatants,Parties or groups engaged in an armed conflict.
contains,Indicates that one entity encompasses or includes another.
costume_design_by,The individual responsible for designing costumes for a production.
country,A nation-state with its own government and defined territory.
country_of_origin,The nation where a person or product was originally from.
current_club,The sports team or organization with which an athlete is presently affiliated.
disciplines_or_subjects,Academic fields or areas of study within education.
district_represented,The electoral area served by a political representative.
edited_by,The person who prepared or altered content before publication.
educational_institution,An organization dedicated to teaching and learning.
exported_to,Indicates the country or region to which goods are sent.
event_location,The venue or place where an event takes place.
family,A group of individuals related by blood, marriage, or adoption.
featured_film_locations,Notable places where parts of a film were shot.
film,A motion picture intended for entertainment or artistic purposes.
film_art_direction_by,The person responsible for the visual design and style of a film.
film_crew_role,A specific position held by a member of a film’s production team.
film_festivals,Organized events where new films are screened and celebrated.
film_production_design_by,The individual overseeing the overall visual concept of a film.
film_regional_debut_venue,The location where a film is first shown in a specific region.
film_release_region,The country or area where a film is officially released.
film_sets_designed,The person who created and built the physical environments for a film.
film_festivals,Organized events where new films are screened and celebrated.
first_level_division_of,The primary administrative subdivision of a country.
geographic_distribution,The natural range or area where a species or phenomenon occurs.
group,An assemblage of individuals or items sharing a common attribute.
holiday,A designated day set aside for celebration or commemoration.
honored_for,Recognized or awarded because of a specific achievement or quality.
influenced_by,Shows that one individual’s work was inspired by another.
inductee,A person who has been formally admitted into an organization or hall of fame.
instance_of_recurring_event,An occurrence that happens repeatedly at set intervals.
instrumentalists,Musicians who play one or more musical instruments.
interests,Subjects or activities that attract an individual’s attention.
language,A system of communication used by a particular community.
languages_spoken,Languages that an individual can speak fluently.
legislative_sessions,Official meetings of a legislative body to conduct business.
location,The specific place or position of an object or event.
location_of_ceremony,The particular venue where a formal event is held.
major_field_of_study,The primary academic discipline in which a student is enrolled.
merchant,A person or company involved in wholesale trade.
music,An art form combining vocal or instrumental sounds to produce compositions.
nationality,The legal relationship between an individual and a country.
named_after,Indicates that someone or something is called in honor of another.
national_team,The sports team representing a country in international competitions.
nationality,The status of belonging to a particular nation by origin or naturalization.
Nutrient,A substance that provides nourishment essential for growth and health.
nominated_for,A person or work officially proposed as a candidate for an award.
notable_people_with_this_condition,Individuals well-known for having a specific medical condition.
nutrient,A substance essential for the nutrition and survival of living organisms.
official_language,The language given legal status in a country or region.
olympics,An international multi-sport event held every four years.
origin,The beginning or source from which something arises.
parent_genre,The broader category from which a specific genre is derived.
participant,A person who takes part in an event or activity.
partially_contains,Indicates that one entity includes part but not all of another.
people,Humans collectively or a specific group of individuals.
peer,A person of similar age, status, or abilities within a group.
peers,Multiple individuals of similar status or age as a given person.
place,A particular position, point, or area in space.
place_founded,The location where an organization or settlement was established.
place_of_birth,The specific location where a person was born.
place_of_death,The location where an individual died.
place_of_burial,The final resting location of a deceased person.
planet,A celestial body orbiting a star.
prequel,A work whose story precedes that of an earlier work.
production_companies,Organizations responsible for financing and producing films.
profession,An occupation requiring specialized training and qualifications.
program,An organized series of events, courses, or broadcasts.
program_creator,The individual who developed or launched a program.
produced_by,The person or company responsible for the production of a work.
registration_agency,An organization that officially records and verifies information.
region,A geographical area characterized by common features.
religion,A system of faith and worship with shared beliefs and practices.
registering_agency,An official body that registers events, entities, or certifications.
released_date,The official date when a product or work becomes available.
risk_factors,Conditions or behaviors that increase the likelihood of adverse outcomes.
role,The function or character played by a person in a situation or work.
school,An institution where education is provided.
school_type,The classification of an educational institution (e.g., primary, secondary).
season,A division of the year marked by particular weather or events.
seasonal_months,Specific months associated with a particular season.
service_language,The language used to provide services in an institution.
service_location,The place where services are offered to the public.
sibling,A brother or sister sharing at least one parent with another individual.
spouse,A person’s legally married partner.
sport,An organized competitive activity involving physical exertion or skill.
sports,Multiple organized competitive physical activities.
student,A person formally engaged in learning at an educational institution.
specialization_of,Indicates that something is a more focused aspect of a broader category.
state,A politically organized territory governed as a unit.
state_province_region,An administrative area within a country larger than a city.
story_by,The individual who authored the narrative or plot of a work.
subclass_of,Indicates a more specific category within a broader class.
team,A group of individuals organized to achieve a common goal.
teams,Multiple groups competing or working together.
titles,Official designations or ranks held by a person or work.
time_zones,Regions of the Earth that share the same standard time.
titles_of_honor,Formal titles awarded as recognition of achievement.
vacationer,A person on a holiday trip away from home.
written_by,The author responsible for creating a written work.