Predicate,Explanation
aunt,The sister of one's parent or the wife of one's uncle.
brother,A male sibling sharing one or both parents.
daughter,A female child in relation to her parents.
father,A male parent of a child.
husband,A man in a marital relationship with a spouse.
mother,A female parent of a child.
nephew,A son of one’s sibling or sibling-in-law.
niece,A daughter of one’s sibling or sibling-in-law.
sister,A female sibling sharing one or both parents.
son,A male child in relation to his parents.
uncle,The brother of one's parent or the husband of one's aunt.
wife,A woman in a marital relationship with a spouse.
